Id,PostId,RelatedPostId,LinkTypeId
9,14,1,1
50,75,71,1
172,59,41,1
387,361,61,1
392,61,361,1
451,370,155,1
583,422,155,1
789,477,461,1
897,518,458,1
1089,477,461,3
1181,616,22,1
2265,808,739,1
2362,825,223,1
2442,838,829,3
2560,554,52,1
2870,934,810,1
2945,948,859,1
3020,954,955,1
3049,955,954,1
3400,974,917,1
4741,1011,334,1
5030,1053,948,1
5387,1107,454,1
5388,1108,1107,1
5780,1132,22,1
5848,1141,808,1
5849,1141,739,1
6169,1174,211,1
6508,1208,992,1
7275,2316,2313,1
7370,2316,2313,3
7795,2343,842,1
8370,2460,2403,1
9841,2654,52,1
9842,2654,834,1
11720,2510,739,1
11856,3750,1021,1
11867,3751,2651,1
11875,3750,1021,3
12105,3738,3769,1
12372,3794,3772,1
12386,3794,3738,1
12435,1174,3738,1
12495,2346,758,1
12496,2346,904,1
12497,2346,1002,1
12498,2346,3718,1
13702,4836,4831,1
13789,1216,739,1
14031,4884,4914,1
14072,4921,842,1
14152,4942,917,1
14153,4942,974,1
14154,4944,1107,1
14199,4913,4919,1
14230,4913,4919,3
14241,4974,812,1
14361,5001,155,1
14403,5021,265,1
14404,5021,1119,1
15550,5155,4831,1
16891,5191,5176,1
17350,5192,739,1
17351,5192,758,1
17352,5192,842,1
17779,2313,5108,1
17965,2391,5193,1
18348,5317,5193,1
18493,5336,3718,1
18619,5357,758,1
18632,5371,59,1
19053,5436,917,1
19229,5464,19,1
19780,5502,41,1
19781,5502,3730,1
19782,5502,4925,1
20357,5549,5193,1
20715,5566,842,1
20716,5566,5080,1
20717,5566,5442,1
21633,5639,5316,1
22178,5730,641,1
22261,5735,3718,1
22268,5730,4980,1
22269,5701,758,1
22427,5110,812,1
22428,5110,2670,1
22520,5775,2384,1
22655,5803,4942,1
22791,5826,334,1
22792,5826,313,1
22793,5826,14,1
22794,5826,159,1
22795,5826,234,1
22796,5826,808,1
22797,5826,739,1
22798,5826,1216,1
23047,5881,5860,1
23428,5838,5941,1
23749,5990,4967,1
24053,6035,5417,1
24070,6035,5417,3
24589,6068,3751,1
26167,6192,5838,1
26907,6274,22,1
27381,6068,2651,1
28389,6088,6200,1
28436,2651,6068,3
29082,6547,5193,1
29197,2293,6547,1
29644,6591,6631,1
30097,6683,6648,1
31759,6730,739,3
33294,6866,2673,1
33295,6866,595,1
34143,6937,6576,1
34699,6550,869,1
34716,6550,412,1
34771,8002,6937,1
34978,6827,2368,1
35549,8079,8078,1
35556,8079,8078,3
35777,8087,5268,1
36217,8150,8018,1
36229,8131,758,1
36230,8131,1002,1
36231,8131,540,1
36872,6939,1107,1
37354,8277,8099,1
37395,8277,2368,1
38613,8384,19,1
39323,8457,8266,1
39984,8546,8440,1
40394,8586,1002,1
41076,8646,810,1
41077,8646,1107,1
41078,8646,454,1
41079,8646,736,1
41080,8646,6939,1
41538,8688,8070,1
41579,8665,8199,1
41857,8722,8339,1
42343,8775,8245,1
42651,8820,8646,1
43154,8883,8322,1
43333,8895,810,1
43987,8993,8873,1
45076,9140,6715,1
45323,9179,694,1
45661,9223,778,1
45662,9223,41,1
46233,9262,8426,1
46941,9344,9342,1
47164,9359,8963,1
47373,8681,22,1
47863,9418,5224,1
47881,9418,5224,3
47931,9427,9255,1
47960,9427,9255,3
48056,9435,8963,1
48454,9457,694,1
48597,9481,8606,1
48808,6576,9435,1
49432,9545,265,1
49433,9545,6201,1
49799,793,9568,1
49897,9580,155,1
49956,9580,422,1
49957,9580,587,1
49958,9580,997,1
50146,9593,6201,1
50256,9604,8847,1
50280,9612,9598,1
50291,9598,9612,1
50374,9621,9038,1
50443,9614,8606,1
50630,9626,4980,1
50858,9677,8941,1
50859,9677,9000,1
50860,9677,8963,1
50861,9677,9435,1
52416,9852,9818,1
53088,9924,8099,1
53172,9916,8064,1
54266,10030,9950,1
54514,10070,10030,1
54584,10081,9886,1
54719,10088,9483,1
54889,10091,8847,1
55568,10084,10090,1
55756,10154,5802,1
56769,10254,155,1
58074,10255,10349,1
58468,10386,808,1
60022,10531,5893,1
60333,10560,10550,3
60378,10557,10085,1
60630,10606,10509,1
60772,10606,10509,3
61923,10750,8583,1
61924,10750,9038,1
61925,10750,4942,1
64591,10943,10997,1
65522,10558,11043,1
66476,11166,9303,1
68399,11331,10531,1
68738,11371,2609,1
68966,11387,806,1
69652,11367,1119,1
72588,11591,5706,1
73298,11774,10531,1
73369,11797,8253,1
73410,11788,810,1
74064,11851,11853,1
74434,11890,10471,1
74474,11896,9507,1
75464,11880,11919,1
75822,12032,11915,1
78591,12147,1107,1
78592,12147,4944,1
78724,12119,4944,1
78730,12119,4944,3
79637,12188,985,1
79834,12223,12003,1
79868,12234,6817,1
80108,12257,10143,1
80109,12257,266,1
80110,12257,326,1
80111,12257,398,1
80180,12259,12250,1
80418,12269,12279,1
81084,12147,12347,1
82226,12437,10885,1
82366,12478,11367,1
82480,12496,12437,1
82604,12514,12265,1
83197,12564,12557,1
83199,12564,10085,1
83649,3759,12564,1
83781,12593,8667,1
83897,12626,12584,1
83898,12626,12622,1
83967,12634,12620,1
83968,12634,12620,3
84428,12678,8775,1
84962,10394,12619,1
84970,6884,12619,1
85089,12695,12626,1
85122,12720,12265,1
85647,12785,11091,1
86009,12821,155,1
86535,12875,9663,1
86540,12875,9663,3
86926,12919,694,1
87161,12930,6715,1
87162,12930,8799,1
87397,12960,12695,1
87718,12998,739,1
87844,13010,41,1
88103,5838,12930,1
88158,13051,11166,1
88285,13031,11014,1
88286,13031,5268,1
90818,12984,8286,1
91184,13250,13227,1
91590,13238,6169,1
91599,13273,22,1
91915,13273,12475,1
92035,13273,12475,3
92630,13359,6113,1
92649,13377,6084,1
92730,13385,12695,1
93600,13459,12655,1
93994,13504,13513,1
94193,13477,12851,1
94256,13477,12851,3
94439,13553,893,1
94770,13587,11699,1
94859,13574,13484,1
94860,13484,13574,1
94922,13574,13484,3
95253,12188,13273,1
95966,13691,13681,1
98328,13854,5710,1
98591,13854,5710,3
99429,12771,10885,1
99722,13978,9435,1
100259,14031,14028,1
100340,14039,13335,1
101389,14127,6547,1
102267,14223,14220,1
103382,14313,10919,1
104238,14355,22,1
104395,14396,5860,1
104396,14396,313,1
105427,14458,14406,1
105850,14415,13920,1
106026,14465,12761,1
106122,14528,6547,1
106786,14586,1253,1
108062,14711,1240,1
109887,14832,6576,1
109908,14832,6576,3
110522,14899,12851,1
111116,14941,14368,1
111298,14959,14941,3
111601,8032,14527,1
112597,15081,5706,1
113724,12886,15181,1
113875,13124,6378,1
114276,15231,14664,1
114779,15264,12321,1
114780,9222,6107,1
115988,15371,15283,1
116184,15397,1159,1
117662,15499,13279,1
118730,15579,6042,1
119337,15595,15657,1
119838,15694,15524,1
120785,15757,15755,1
120815,15757,15755,3
122183,15862,5121,1
123765,15983,4875,1
124044,16008,6683,1
124847,16055,15812,1
125149,12500,16088,1
126218,16182,13949,1
127222,16292,10692,1
127751,16337,22,1
128413,16388,16387,1
128477,16394,6107,1
128799,16414,13599,1
129273,16163,9364,1
129992,16509,14666,1
131148,16623,8120,1
131227,16632,12964,1
131842,16689,16692,1
133190,16771,14998,1
133286,16771,14998,3
133481,16807,16609,1
134627,16918,9302,1
134841,16930,11446,1
134842,16930,1174,1
135845,16995,17017,1
136024,17021,16929,1
137497,17143,16930,1
138015,17181,17165,1
138134,17183,16062,1
138358,17207,361,1
138499,17227,16959,1
138611,17233,17095,1
138863,17233,17095,3
139285,17301,17298,1
139286,17298,17301,1
139288,17167,17080,1
139396,17167,17080,3
139769,16036,5121,1
139775,15485,16036,1
139901,17244,16062,1
140066,17371,17241,1
140108,17364,17288,1
140144,17378,17288,1
140155,17364,17378,1
141357,17487,14503,1
141376,17487,14664,1
141412,17473,17460,1
141474,17487,14664,3
141582,17473,17460,3
142736,17612,12738,1
143172,17659,155,1
143306,17671,11853,1
144368,17737,6107,1
144391,17695,16930,1
145379,17854,41,1
145397,17855,10839,1
146000,17859,17755,1
147357,17999,8043,1
147633,16350,10615,1
148686,18119,8029,1
152158,18269,13422,1
152825,18350,11204,1
153346,18381,6921,1
154647,18462,22,1
156547,18594,10615,1
156684,18602,18595,1
156719,18607,18156,1
156864,18602,18595,3
157455,18660,10585,1
157745,17941,18670,1
157838,18674,10615,1
157839,18674,10589,1
158560,18711,5316,1
159231,18743,12237,1
159344,18743,12237,3
159449,18759,16689,1
160165,18810,5706,1
160663,18829,16115,1
160713,18842,18374,1
161208,10211,6691,1
161466,761,10063,1
162476,18963,18934,1
162569,18965,9663,1
162580,18967,18965,1
162636,18970,14972,1
162647,18970,758,1
162815,18982,9074,1
163003,18965,9663,3
163084,19002,10970,1
163179,19010,18940,1
163312,19019,18986,1
163377,19020,17241,1
163658,19037,19040,1
163764,19037,19040,3
164022,19073,13754,1
164397,19096,12649,1
164398,19096,16292,1
165184,19127,10216,1
165262,19131,19070,1
165892,19174,10471,1
166705,19107,10216,1
167056,19268,10085,1
168054,19283,13490,1
168910,19400,1253,1
169270,19430,9722,1
169271,19430,6553,1
169311,19430,10216,1
171452,19521,19452,1
171502,19578,5706,1
171956,19597,6107,1
172519,19631,19625,1
174987,19792,19601,1
175122,19792,19601,3
176114,19865,10193,1
176516,19894,11091,1
176659,19903,10216,1
176869,19922,14415,1
177326,19836,15484,3
177817,19961,115,1
178839,18528,9950,1
178845,20024,16858,1
178870,20026,869,1
179164,20054,19614,1
179367,20064,2368,1
179452,20036,20071,1
180477,19382,20025,1
180593,20129,20113,1
180980,20136,9302,1
181348,20179,12532,1
181384,20178,16060,1
181668,19991,20198,1
181812,20198,19991,1
181824,20208,5443,1
183744,20198,20255,1
183934,20274,14124,1
185524,17921,15016,1
185534,20388,20369,1
185786,20404,16060,1
185856,20408,11699,1
186960,20413,19196,1
187353,20507,19112,1
187624,20525,9020,1
188228,8129,20533,1
188278,20555,20406,1
188302,9222,20541,1
190334,21618,8768,1
190999,21643,17099,1
191707,21676,12115,1
191802,21682,16444,1
193011,21776,5746,1
193041,21780,16692,1
193147,21780,937,1
195710,21918,8460,1
195910,21918,8460,3
196139,21945,21947,1
196754,21947,21945,3
196950,21986,16601,1
197158,21986,16601,3
197346,21950,21947,1
199551,22170,13490,1
201188,22153,14568,1
201995,22299,17314,1
201996,22299,10802,1
201997,22299,19025,1
202562,22340,17024,1
202574,17024,22340,1
202599,22340,12721,1
202736,22342,22335,1
202840,22365,22324,1
202887,22355,6715,1
203138,22377,22378,3
203341,22403,662,1
203342,22403,19762,1
203839,22404,22330,1
203914,19760,22199,1
204058,22330,22404,1
204230,22441,22299,1
204236,22446,10943,1
204606,22467,13490,1
204739,22478,16342,1
204960,22479,2464,1
205210,20222,22199,1
205275,22522,18583,1
205310,22528,20098,1
205405,22536,424,1
206791,22545,22335,1
208350,22725,22324,1
208678,22740,12797,1
208723,22740,12797,3
209127,22730,22725,1
210067,22725,22828,1
210107,22828,20198,1
210608,22929,9443,1
210619,22929,9443,3
210929,22968,20499,1
211237,22962,19980,1
211250,23028,22909,1
211645,9909,20165,1
211945,23140,10972,1
212123,23165,13200,1
212190,22465,22536,1
212315,23198,10085,3
219362,23286,9663,1
220613,23357,23349,1
221013,23389,23212,1
222199,23391,23392,1
222528,23391,23392,3
224183,23493,15484,1
224464,23493,5706,1
225259,23462,23486,1
225465,23486,18279,1
228816,23605,15149,1
232934,12883,22,1
234220,23736,17096,1
238102,23853,23737,1
239193,23696,17282,1
240790,23914,20028,1
241012,23922,11118,1
241682,23933,5990,1
242277,23954,23955,1
242904,23963,22690,1
243115,23969,16488,1
243116,23969,16713,1
243153,23933,5990,3
243154,23963,22690,3
245092,24029,24017,1
245398,24041,17759,1
250618,24179,1213,1
251495,24202,19807,1
252618,24232,22,1
253387,24256,17737,1
254054,24290,19523,1
254355,24290,19523,3
254442,24109,23789,1
255510,24327,6107,1
256314,24392,810,1
256375,24403,12721,1
256703,24400,806,1
256727,24458,16835,1
256769,22901,10471,1
256834,22047,15524,1
257071,24506,12318,1
257239,17927,22,1
257306,24534,18802,1
257668,22901,10471,3
257669,17927,22,3
257727,24578,24560,1
257796,24595,18258,1
258423,24610,11404,1
259012,24578,24560,3
259457,10179,24808,1
259581,24405,937,1
260071,24405,937,3
260276,24905,11404,1
273504,24986,21963,1
273762,25000,1159,1
275249,25058,989,1
278638,25119,16797,1
280335,25169,20296,1
282731,25250,15472,1
283665,25209,25259,1
283754,25276,21896,1
285402,25377,5121,1
285518,25386,17794,1
286245,25444,9233,1
286395,25449,12721,1
287779,25523,24449,1
288057,25525,25531,1
288580,25564,25549,1
288786,25359,24137,1
289402,25618,13695,1
289482,25619,14503,1
289849,25648,8703,1
289885,25564,25549,3
290011,25660,8043,1
290012,25660,3733,1
290305,25675,25605,1
290640,25707,10077,1
290826,25714,17860,1
291082,25696,24194,3
291841,25776,11304,1
292788,25841,25315,1
292790,25832,13061,1
292791,25832,23493,1
292795,25832,23287,1
293368,25890,25874,1
293506,25890,25024,1
293945,25902,9302,1
294026,25929,6107,1
294277,25948,16342,1
294369,25956,24511,1
295012,9777,9443,1
295031,25988,13607,1
295052,25990,18802,1
295053,25990,24534,1
295418,26001,23895,1
295854,26042,25925,1
296427,26076,25717,1
297038,25348,23890,1
297515,26140,19849,1
299310,26288,10188,1
299451,26288,10188,3
299466,10320,26310,1
299538,26325,21961,1
300362,26388,12318,1
300393,26411,24452,1
300394,26411,25268,1
300613,23901,23613,1
300857,26351,2582,1
300871,26475,5706,1
300872,26475,23493,1
301140,26499,8244,1
301151,26514,26009,1
301152,26514,23607,1
301603,26565,13490,1
301676,18848,25502,1
302164,26623,17759,1
302266,26597,15903,1
302282,26516,26411,1
302283,26633,155,1
302385,26656,22086,1
302892,26674,26454,1
303035,16182,25315,1
303061,26751,25407,1
303252,26775,9758,1
303537,26818,22,1
306953,26842,869,1
307232,26838,15903,1
307270,26844,26854,1
307276,26843,25315,1
307285,26836,15903,1
307286,26836,26597,1
307676,26886,11928,1
309225,26618,21889,1
309482,26789,2646,1
309675,26618,15903,1
309676,26618,26597,1
309910,27038,9823,1
310166,27056,15903,1
310290,27081,3699,1
311234,24722,27147,1
311337,27105,25209,1
311930,27193,15903,1
311931,27193,26597,1
312298,27234,5990,1
312299,27234,13567,1
312348,26674,27082,1
312798,27262,26290,1
312799,27262,26382,1
312904,27286,8847,1
313260,27311,20535,1
313270,24722,9850,1
313543,27340,10615,1
313652,27348,128,1
315753,14042,27446,1
316022,17839,27436,1
316165,27307,21896,1
316241,27454,26597,1
317916,27520,869,1
318515,27542,12554,1
318639,27539,27012,1
319380,27563,27533,1
321762,27665,23493,1
321916,27671,19553,1
322660,27694,15903,1
323508,27713,17921,1
323509,27713,15016,1
323682,27709,19392,1
323683,27709,18481,1
323997,27725,27012,1
323998,27725,27539,1
324393,27753,19392,1
324394,27753,18481,1
324635,19553,27671,1
325372,27792,15257,1
325599,27628,10615,1
326805,26643,27866,1
327231,27874,27631,1
327266,27888,27671,1
328474,27927,25268,1
329593,27958,27898,1
329995,27972,27923,1
330371,27972,27923,3
330372,27958,27898,3
330804,28025,12919,1
330862,28030,27795,1
330892,28035,17286,1
331639,28087,12909,1
331779,28013,27829,1
331832,28070,26597,1
332562,28131,28156,1
333357,28192,18123,1
334474,28247,28002,1
334674,28244,15903,1
334675,28244,26597,1
334737,28253,26419,1
335168,28187,24319,1
335788,16342,9488,1
337534,28353,27957,1
337815,28360,27671,1
337831,28339,27959,1
338123,28383,27625,1
338236,17368,26958,1
339406,28455,26449,1
340225,28506,4942,1
341605,24534,28411,1
343588,28719,26874,1
343847,28747,28691,1
344096,28775,28383,1
344177,28800,18572,1
344293,28810,28747,1
344630,28822,25315,1
344887,28810,28884,1
344908,28884,28411,1
344913,28877,26597,1
345079,28512,28383,1
345969,28958,24610,1
345970,28958,24905,1
346168,28958,28360,1
346346,28958,24905,3
346347,28958,28360,3
346485,29000,28383,1
346547,29006,130,1
346608,28999,17099,1
347004,29044,28884,1
347748,29117,8542,1
348051,29139,29006,1
348141,29142,26449,1
349494,29241,15903,1
349549,29249,19051,1
349699,29266,28932,1
350103,29287,3738,1
359019,29287,13445,1
359250,29361,26042,1
360550,29409,17860,1
361574,29467,23614,1
361701,23969,24402,1
361899,29471,23287,1
361900,29471,24534,1
362535,29480,27964,1
364165,29507,15903,1
364166,29507,27236,1
364694,29521,28884,1
365480,26655,28656,1
366960,29521,26597,1
367077,29564,27648,1
367265,29569,29408,1
368381,29621,29411,1
372531,29740,6835,1
377040,28575,21896,1
377041,28575,18802,1
377819,29855,28411,1
378609,29879,27012,1
380006,29923,744,1
380040,29928,1107,1
380995,29964,17288,1
382233,29999,313,1
382426,30004,28574,1
385660,30013,16693,1
386325,24608,25317,1
387874,30013,25268,1
387875,30013,26714,1
387922,30121,28383,1
389162,30167,23196,1
389920,28792,27563,1
391552,30168,24752,1
393043,27354,10103,1
393408,30313,26854,1
395204,30340,26854,1
396929,30402,29908,1
396930,30401,18339,1
396931,30320,28491,1
396932,30320,29411,1
397604,30439,28310,1
400664,20321,28637,1
402602,30603,26597,1
402817,26955,29520,1
405067,22853,24534,1
405259,30683,10077,1
406997,30703,28656,1
407031,30610,22,1
407064,30714,26938,1
407974,30789,30302,1
408223,30765,30786,1
408427,27347,30790,1
409315,30856,30302,1
409909,30876,26854,1
410263,30901,22853,1
410283,30904,13746,1
410625,30921,18647,1
410867,30610,30930,1
411629,24494,17671,1
411978,30944,30859,1
412925,30944,28383,1
413001,30989,18802,1
413002,30989,10926,1
413016,30989,13061,1
413017,30989,17987,1
416134,31071,20237,1
416565,31080,26597,1
417841,31129,9488,1
418913,30989,24534,1
419215,30559,6380,1
419459,31212,31175,1
419460,31211,27964,1
420096,29520,31243,1
420761,30810,6107,1
421087,31298,19112,1
421149,31289,30370,1
421150,31289,29725,1
421664,31349,22853,1
421965,31377,19140,1
422110,31349,22853,3
422284,29520,14187,1
422425,31408,16361,1
422585,10522,812,1
423004,31452,29719,1
423235,29520,13490,1
424274,31543,17099,1
426221,31636,28537,1
426412,31622,14899,1
426616,31622,14899,3
426812,31685,31382,1
427091,28383,30859,1
427259,31707,27671,1
427427,30676,31725,1
427455,31725,30676,1
427780,31725,30676,3
428148,31725,31745,1
442457,22002,26959,1
442458,22002,31292,1
442515,31880,31274,1
442812,31891,28840,1
442813,31891,27795,1
442978,31874,30762,1
443206,31940,14899,1
443971,29470,28504,1
444206,32014,422,1
444554,31991,9302,1
444569,32001,25407,1
445005,25994,24081,1
445030,32066,30676,1
445031,32066,27506,1
445460,32031,32023,1
446794,32187,27615,1
447078,32205,27135,1
447123,31880,31274,3
447436,32221,31989,1
447661,31920,31815,1
447835,32232,26449,1
448178,32263,16347,1
448570,32289,30032,1
448571,32289,27807,1
448572,32289,310,1
448797,30978,32255,1
449275,32336,29908,1
449778,32254,28383,1
450176,32072,16807,1
450832,28548,9364,1
451290,32232,26449,3
451962,32541,13490,1
451979,32543,326,1
454687,32729,32685,1
454766,32725,810,1
455094,32752,30850,1
455861,32743,19630,1
455867,32796,9406,1
456318,32694,15903,1
456319,32694,26597,1
456336,32752,26597,1
456863,32864,32822,1
457284,32884,26103,1
457432,32423,32873,1
458330,32941,31923,1
459104,32927,32941,1
459525,33043,11928,1
459991,33079,32572,1
460016,33081,33002,1
461234,33201,33117,1
461336,31715,32126,1
462303,25036,33265,1
462318,24929,33265,1
462890,32622,32129,1
463550,33338,33316,1
464478,33419,11747,1
464821,33442,27277,1
465075,33459,33286,1
465336,33478,10469,1
465464,33486,33435,1
465770,33505,31444,1
466737,33554,28353,1
467037,31288,31402,1
467102,33573,20573,1
467650,33501,33599,1
467927,33593,33582,1
468092,33644,20076,1
468844,22335,33524,1
468845,17510,33493,1
469849,33559,27628,1
469850,33559,28997,1
471375,33817,26290,1
471376,33817,27262,1
472454,16494,33916,1
472466,33939,10523,1
472575,12132,33916,1
472760,33974,16646,1
473254,33962,34029,1
473289,34024,5226,1
473334,34038,16800,1
473355,16800,34038,1
473843,28932,29266,1
473936,34101,29480,1
473947,34100,25745,1
474017,34088,27055,1
474453,34134,26597,1
474504,34116,155,1
474618,34134,18802,1
474619,34134,23287,1
474620,34134,21896,1
474657,34006,32831,1
474658,34006,33831,1
474664,34159,893,1
474783,34165,34007,1
475002,34182,16993,1
475269,34206,10471,1
475271,34206,10471,3
475507,34233,30762,1
476068,34209,19882,1
476139,26597,34174,1
476387,34326,17759,1
476437,34330,19099,1
477133,34399,736,1
477358,34405,34346,1
479149,33644,34356,1
479321,35496,32669,1
479680,35526,33587,1
480089,35531,27563,1
480090,35531,27533,1
480396,34233,34151,1
480644,35645,5990,1
480687,35605,13279,1
484866,35713,24072,1
485575,35781,27709,1
485576,35781,23291,1
485577,35781,33305,1
485616,35784,21722,1
486114,35821,6744,1
486239,35826,29863,1
486525,35836,29507,1
486575,35835,27715,1
487235,35878,35595,1
488445,35962,35864,1
488730,35970,35913,1
489916,36046,28006,1
490651,36070,36100,1
490666,36046,28006,3
492233,36147,25745,1
493414,33817,26401,1
493588,36275,22545,1
494577,36198,8390,1
494902,36388,10997,1
495108,36403,36346,1
495849,36453,17024,1
495873,36447,662,1
497104,36485,35826,1
498546,36604,6694,1
499097,36636,18664,1
499481,36656,29055,1
500311,36707,31725,1
500312,36707,30676,1
500313,36707,28719,1
500314,36707,28691,1
500315,36707,26874,1
500316,36707,27506,1
500317,36707,26539,1
500583,36703,18647,1
500921,36404,36634,1
502058,36817,11014,1
502249,36814,28681,1
502812,36862,15989,1
503041,36879,11699,1
503506,16843,27909,1
504035,36945,6255,1
504240,36953,36049,1
504408,36968,893,1
505179,37007,36959,1
505512,36959,37007,1
505534,36959,37007,3
506143,37027,37081,1
506314,37090,16463,1
507522,36953,36049,3
507523,36656,29055,3
507830,36482,33979,1
507859,37164,16350,1
507930,37165,12532,1
508618,17388,18647,1
508644,17388,36703,1
508714,33265,37220,1
508885,37234,36564,1
509428,37259,34276,1
509627,37281,15242,1
509693,37273,22740,1
509869,16088,12500,1
509994,37314,5706,1
510182,37302,28331,1
510392,37337,893,1
510393,37337,12554,1
510580,37355,20392,1
510851,37362,37021,1
510933,37374,6107,1
511889,37413,30973,1
513573,37504,640,1
513748,37513,37363,1
514159,37493,37542,1
514490,37545,36064,1
514889,37545,11589,1
514937,37600,25362,1
515802,37643,37633,1
516256,37687,27132,1
516492,37704,37604,1
516843,37741,24494,1
516976,37751,27563,1
517152,37741,24494,3
517901,37835,37021,1
518119,37856,31665,1
518824,37926,34074,1
519207,37957,26714,1
519278,37968,37914,1
519597,37990,26597,1
519781,37988,24511,1
519813,38014,37914,1
520063,38019,17099,1
520235,38054,155,1
520375,38072,20208,1
520691,38069,23666,1
520845,37856,27898,1
521588,38143,19365,1
521903,38191,38121,1
522120,38072,5443,1
522233,23119,38231,1
522430,32829,38242,1
522517,38272,15903,1
522626,38237,28411,1
522876,38295,37914,1
527135,38362,30762,1
527269,38392,38328,1
527281,38328,38392,1
527705,37518,20535,1
527850,38404,38305,1
528273,28285,16342,1
528377,38481,24339,1
528760,38517,28383,1
529334,38534,23932,1
529586,38584,37914,1
529975,38611,29798,1
530044,38614,26597,1
530480,38634,26403,1
531214,38674,26597,1
531282,38676,26597,1
531283,38677,26597,1
531465,38682,30396,1
531556,38692,27628,1
531557,38692,33559,1
531957,38728,10449,1
532499,38752,38328,1
533086,38676,26597,3
533087,38611,29798,3
533088,38752,38328,3
533201,38796,38795,1
534430,38881,13061,1
535359,38937,29463,1
536373,38973,29006,1
536823,39004,38909,1
537096,13277,18339,1
537279,16140,39064,1
537290,39004,38909,3
538458,39149,26618,1
538459,39149,21889,1
539011,39132,39161,1
539045,39186,39073,1
540993,39296,39259,1
541477,37945,2395,1
541644,39320,10674,1
541970,39357,12930,1
542147,39320,893,1
542160,39320,893,3
542257,39343,10905,1
542302,39391,23323,1
545482,39615,39569,1
545986,18278,36878,1
546014,39615,39569,3
546374,39667,26597,1
548004,39793,32169,1
548049,39800,26597,1
548354,39790,39821,1
548761,39737,2501,1
549295,39881,13178,1
549405,27628,32072,1
549422,28778,29019,1
549601,39916,39549,1
549757,39926,39605,1
549797,39930,28446,1
549928,39560,235,1
550704,39986,37219,1
550751,18341,27506,1
551703,40049,38203,1
552191,39878,9758,1
552203,40084,12797,1
552204,40084,3711,1
552639,40076,32858,1
553805,39894,40192,1
554289,39894,40192,3
554740,11446,6547,1
555178,40306,39472,1
555179,40306,6848,1
555180,40306,20129,1
555295,40310,29521,1
556517,10853,9886,1
556518,40301,2469,1
557721,40457,39932,1
557926,37636,27866,1
558893,34074,37673,1
559351,40602,24452,1
559357,39553,34355,1
559872,38781,26366,1
560399,40698,26366,1
560671,39246,24534,1
560959,40747,13185,1
562306,40572,6547,1
562309,40870,40860,1
562394,40851,15989,1
562466,34357,17157,1
562478,26388,12318,3
562795,40911,32831,1
562883,40916,31382,1
563027,40916,40815,1
563359,40948,15630,1
564106,32279,40955,1
564841,41059,34357,1
565187,40973,40492,1
565211,41101,6547,1
565688,41106,40815,1
566215,31724,14300,1
566819,41231,22302,1
569833,41264,13410,1
571734,41306,19707,1
572588,41350,10783,1
573497,41381,27964,1
573950,41398,40815,1
574020,41411,744,1
574585,41417,38666,1
575192,41471,26165,1
575421,41486,9175,1
576367,41526,11699,1
577021,41569,5987,1
577242,41581,33489,1
577646,34441,9302,1
577647,28194,24534,1
577739,41611,12830,1
577740,41611,38643,1
579617,41689,13490,1
580911,40662,41747,1
581350,41769,25745,1
581494,41775,27546,1
581797,34209,12318,1
583365,41892,27533,1
583366,41892,27563,1
588323,42208,18457,1
589341,42260,8157,1
590203,42321,8018,1
591694,42397,42174,1
592710,42458,11400,1
592722,6989,23423,1
593178,42473,26871,1
594076,42548,16807,1
594935,42287,29019,1
594989,32005,32072,1
595140,42623,37706,1
595581,42405,42406,3
595588,42548,16807,3
598013,42715,24403,1
598401,42757,26374,1
598517,42776,5277,1
599615,42831,32295,1
600023,39825,42599,1
600239,42831,32295,3
600989,42941,42872,1
601172,42953,27533,1
601173,42953,27563,1
601194,42649,42354,1
602078,36684,9663,1
602261,36684,9663,3
602752,43036,761,1
603441,43072,25053,1
604197,43068,43110,1
604207,43107,31388,1
604337,43112,22994,1
604458,43110,43068,1
604664,43132,20075,1
606056,43110,43068,3
607746,43294,43291,1
607855,43290,43148,1
609524,43405,8246,1
610149,43447,29019,1
610502,9997,43469,1
610715,34199,42220,1
610716,42220,34199,1
610792,43494,29572,1
611864,43558,43148,1
612740,43620,26783,1
612786,43631,893,1
614353,17287,43751,1
614855,25315,26597,1
615058,43806,997,1
615379,43471,43858,1
617086,43967,37488,1
622246,44065,29899,1
623396,44139,30238,1
623583,44150,35861,1
625427,44249,37212,1
625428,44249,37581,1
626131,44280,43148,1
626293,44293,38874,1
626539,44306,44266,1
626540,44266,44306,1
627511,44356,44315,1
627688,44315,44356,1
628885,44446,36450,1
629072,44460,20535,1
629335,44476,13059,1
629336,44476,18609,1
629337,44476,2344,1
630075,44526,44391,1
630402,44544,40637,1
631175,27347,32873,1
631176,30790,32873,1
632996,44668,2368,1
633050,44693,11171,1
633574,44744,20071,1
633895,44757,43148,1
634924,44816,44800,1
635272,44816,44800,3
635419,44846,39808,1
635847,44790,44871,1
636060,44882,20535,1
636088,44883,13490,1
636111,44883,16840,1
636285,28006,44894,1
636286,739,44894,1
637947,44973,30652,1
639906,45068,33008,1
640534,45112,40753,1
641245,45164,36895,1
642378,45228,27563,1
642742,45244,45239,1
642755,45239,45244,1
643184,45269,14152,1
643747,45293,17341,1
643773,45291,22,1
645440,45379,14342,1
646751,45465,33188,1
646873,45465,33188,3
647626,45527,23651,1
651295,45716,44617,1
651710,29199,30090,1
652401,45781,24909,1
652430,45774,44768,1
652818,45805,12830,1
653527,45856,45854,1
653611,45840,16060,1
653879,45881,11024,1
653919,45885,43911,1
654390,44745,45856,1
656088,32557,16140,1
656165,46038,5443,1
656212,45904,14941,1
656564,46023,30762,1
656614,45046,14046,1
656993,46097,46023,1
657572,46135,42458,1
658309,46039,24081,1
658310,46039,36889,1
658371,46180,45942,1
658713,46208,27722,1
658933,46006,45867,1
659593,46258,17099,1
660443,46304,12883,1
660444,46304,12475,1
